{
  "timestamp": "results",
  "stats": {
    "total_queries": 1347,
    "queries_with_results": 1347,
    "coverage": 1.0,
    "avg_predictions_per_query": 10.0,
    "avg_confidence": 0.9508152190051966,
    "median_confidence": 0.9735
  },
  "recall_metrics": {
    "R@30": {
      "top_1": 0.3897550111358575,
      "top_5": 0.6258351893095768,
      "top_10": 0.7074981440237565
    },
    "R@50": {
      "top_1": 0.2791388270230141,
      "top_5": 0.4580549368968077,
      "top_10": 0.5144766146993318
    },
    "R@70": {
      "top_1": 0.1514476614699332,
      "top_5": 0.2680029695619896,
      "top_10": 0.3080920564216778
    }
  }
}